Ticker,Description
AADR,WCM/BNY Mellon Focused Growth ADR ETF
AAIT,MSCI All Country Asia Information Technology Index Fund
AAVX,ETRACS Daily Short 1 Month S&P 500 VIX Futures ETN
AAXJ,MSCI All Country Asia ex Japan Index Fund
ABCS,ABC High Dividend ETF
ACCU,Accuvest Global Opportunities ETF
ACIM,SPDR MSCI ACWI IMI ETF
ACWI,MSCI All Country World Index Fund
ACWV,MSCI All Country World Minimum Volatility ETF
ACWX,MSCI ACWI ex US Index Fund
ADRA,BLDRS Asia 50 ADR Index Fund
ADRD,BLDRS Developed Markets 100 ADR Index
ADRE,BLDRS Emerging Markets 50 ADR Index Fund
ADRU,BLDRS Europe 100 ADR Index Fund
ADZ,DB Agriculture Short ETN
AFK,Market Vectors Africa Index ETF
AGA,DB Agriculture Double Short ETN
AGEM,GEMS Composite ETF
AGF,DB Agriculture Long ETN
AGG,Core Total U.S. Bond Market ETF
AGLS,Accuvest Global Long Short ETF
AGOL,Physical Asian Gold Shares
AGQ,Ultra Silver
AGRG,Aggressive Growth ETF
AGZ,iShares Agency Bond ETF
AIA,iShares Asia 50 ETF
ALD,Asia Local Debt Fund
ALFA,AlphaClone Alternative Alpha ETF
ALT,Diversified Alternatives Trust
ALTL,US Large Cap Alternator ETN
ALUM,Aluminum ETF
AMJ,Alerian MLP Index ETN
AMLP,Alerian MLP ETF
AMPS,iShares Utilities Bond ETF
AMU,ETRACS Alerian MLP Index ETN
AND,FTSE Andean 40 ETF
ANGL,Market Vectors Fallen Angel ETF
AOA,iShares Aggressive Allocation ETF
AOK,iShares Conservative Allocation ETF
AOM,iShares Moderate Allocation ETF
AOR,iShares Growth Allocation ETF
ARGT,FTSE Argentina 20 ETF
ASDR,VelocityShares Emerging Asia DR ETF
ASEA,FTSE ASEAN 40 ETF
ASHR,Harvest CSI 300 China A Shares Fund
ASO,AirShares EU Carbon Allowances
ATMP,Barclays ETN+ Select MLP ETN
AUD,Australia Bond Index Fund
AUNZ,Australia & New Zealand Debt Fund
AUSE,Australia Dividend Fund
AXDI,iShares MSCI ACWI ex U.S. Consumer Discretionary ETF
AXEN,iShares MSCI ACWI ex U.S. Energy ETF
AXFN,MSCI ACWI ex US Financials Sector Index Fund
AXHE,iShares MSCI ACWI ex U.S. Healthcare ETF
AXID,iShares MSCI ACWI ex U.S. Industrials ETF
AXIT,iShares MSCI ACWI ex U.S. Information Technology ETF
AXJL,Asia Pacific exJapan Fund
AXJS,MSCI All Country Asia ex Japan Small Cap Index Fund
AXMT,iShares MSCI ACWI ex U.S. Materials ETF
AXSL,iShares MSCI ACWI ex U.S. Consumer Staples ETF
AXTE,iShares MSCI ACWI ex U.S. Telecommunication Services ETF
AXUT,iShares MSCI ACWI ex U.S. Utilities ETF
AYT,GEMS Asia 8 ETN
AZIA,Global X Central Asia & Mongolia Index ETF
CAD,Canada Bond Index Fund
CAFE,Pure Beta Coffee ETN
CANE,Sugar Fund
CAPE,The Barclays ETN + Shiller CAPE ETN
CARZ,NASDAQ Global Auto Index Fund
CBND,SPDR Barclays Capital Issuer Scored Corporate Bond ETF
CCVX,ETRACS Daily Short 3-Month S&P 500 VIX Futures ETN
CCX,Dreyfus Commodity Currency Fund
CCXE,Commodity Country Equity Fund
CEFL,ETRACS Monthly Pay 2xLeveraged Closed End Fund ETN
CEMB,Emerging Markets Corporate Bond Fund
CEW,Dreyfus Emerging Currency Fund
CFT,iShares Credit Bond ETF
CGW,S&P Global Water Index ETF
CHEP,U.S. Market Neutral Value Fund
CHIB,China Technology ETF
CHIE,China Energy ETF
CHII,China Industrials ETF
CHIM,China Materials ETF
CHIQ,China Consumer ETF
CHIX,China Financials ETF
CHLC,Market Vectors Renminbi Bond ETF
CHNA,China A-Share Portfolio
CHOC,Pure Beta Cocoa ETN
CHXF,China Dividend ex-Financials ETF
CHXX,INDXX China Infrastructure Index Fund
CIU,iShares Intermediate Credit Bond ETF
CLY,iShares 10+ Year Credit Bond ETF
CMBS,iShares CMBS ETF
CMD,UltraShort DJ-UBS Commodity
CMF,iShares California AMT-Free Muni Bond ETF
CNDA,IQ Canada Small Cap ETF
CNPF,Canada Preferred ETF
CNTR,Contrarian ETF
CNY,Market Vectors Chinese Renminbi/USD ETN
COBO,USD Covered Bond
COLX,Market Vectors Colombia ETF
CONG,Consistent Growth ETF
COPX,Copper Miners ETF
CORN,Corn Fund
CORP,Investment Grade Corporate Bond Index Fund
COW,DJ-UBS Livestock Total Return Sub Index ETN
COWL,Daily Agribusiness Bull 3x Shares
COWS,Daily Agribusiness Bear 3x Shares
CPER,United States Copper Index Fund
CPI,IQ Real Return ETF
CQQQ,China Technology ETF
CRBA,TR/J CRB Global Agriculture Equity Index Fund
CRBI,TR/J CRB Global Industrial Metals Equity Index Fund
CRBQ,Thomson Reuters/Jefferies CRB Global Commodity Equity Index Fund
CRO,Claymore/Zacks Country Rotation
CROC,UltraShort Australian Dollar
CROP,IQ Global Agribusiness Small Cap ETF
CRUD,WTI Crude Oil Fund
CSCB,Credit Suisse Commodity Benchmark ETN
CSCR,Credit Suisse Commodity Rotation ETN
CSD,Spin Off ETF
CSJ,iShares 1-3 Year Credit Bond ETF
CSLS,Long/Short Liquid Index (Net) ETN
CSM,ProShares Large Cap Core Plus ETF
CSMA,Merger Arbitrage Liquid Index
CSMB,2x Monthly Leveraged Credit Suisse Merger Arbitrage Liquid Index ETN
CSMN,Market Neutral Equity ETN
CTNN,Pure Beta Cotton ETN
CU,ISE Global Copper Index Fund
CUPM,Pure Beta Copper ETN
CURE,Daily Healthcare Bull 3X Shares
CUT,Timber ETF
CVOL,C-Tracks ETN Citi Volatility Index Total Return
CVRT,Convertible Securities Portfolio
CVY,Multi-Asset Income ETF
CWB,SPDR Barclays Capital Convertible Bond ETF
CWI,SPDR MSCI ACWI ex-US ETF
CXA,SPDR Barclays California Municipal Bond ETF
CYB,Dreyfus Chinese Yuan Fund
CZA,Mid-Cap Core ETF
CZI,Daily China Bear 3x Shares
CZM,Daily China Bull 3x Shares
BAB,Build America Bond Portfolio
BABS,SPDR Nuveen Barclays Capital Build America Bond ETF
BABZ,Build America Bond Strategy Fund
BAL,Dow Jones UBS Cotton Total Return Sub Index ETN
BARL,S&P 500 Crude Oil Linked ETN
BARN,Farming ETF
BBH,Market Vectors Biotech ETF
BBRC,Beyond BRICs ETF
BBVX,ETRACS Daily Short 2-Month S&P 500 VIX Futures ETN
BCM,Pure Beta Broad Commodity ETN
BDCL,ETRACS 2xLeveraged Long Wells Fargo Business Development Company ETN
BDCS,ETRACS Linked to the Wells Fargo Business Development Company Index
BDD,DB Base Metals Dble Long ETN
BDG,DB Base Metals Long ETN
BDH,HOLDRS Broadband
BFOR,Barronâ€™s 400 ETF
BGU,Daily Large Cap Bull 3X Shares
BGZ,Daily Large Cap Bear 3X Shares
BHH,HOLDRS B2B Internet
BIB,Ultra Nasdaq Biotechnology
BICK,BICK Index Fund
BIK,SPDR S&P BRIC 40
BIL,SPDR Barclays 1-3 Month T-Bill ETF
BIS,UltraShort Nasdaq Biotechnology
BIV,Intermediate Term Bond ETF
BIZD,Market Vectors BDC Income ETF
BJK,Market Vectors Gaming ETF
BKF,MSCI BRIC Index Fund
BKLN,Senior Loan Portfolio
BLND,DJ-UBS Commodity Index 2-4-6 Blended Futures ETN
BLNG,Pure Beta Precious Metals ETN
BLV,Long-Term Bond ETF
BND,Total Bond Market ETF
BNDX,Total International Bond ETF
BNO,United States Brent Oil Fund
BNPC,STREAM S&P Dynamic Roll Global Commodities Fund
BNZ,Dreyfus New Zealand Dollar Fund
BOIL,Ultra DJ UBS Natural Gas
BOM,DB Base Metals Dble Shrt ETN
BOND,Total Return Exchange Traded Fund
BONO,LatAm Aggregate Bond ETF
BOS,DB Base Metals Short ETN
BRAF,Brazil Financials ETF
BRAQ,Brazil Consumer ETF
BRAZ,Brazil Mid Cap ETF
BRF,Market Vectors Brazil Small Cap ETF
BRIL,Daily BRIC Bull 3x Shares
BRIS,Daily BRIC Bear 3x Shares
BRXX,Brazil Infrastructure Index Fund
BRZS,Direxion Daily Brazil Bear 3x Shares
BRZU,Direxion Daily Brazil Bull 3x Shares
BSC,BG Small Cap ETN
BSCB,BulletShares 2011 Corporate Bond ETF
BSCC,BulletShares 2012 Corporate Bond ETF
BSCD,BulletShares 2013 Corporate Bond ETF
BSCE,BulletShares 2014 Corporate Bond ETF
BSCF,BulletShares 2015 Corporate Bond ETF
BSCG,BulletShares 2016 Corporate Bond ETF
BSCH,BulletShares 2017 Corporate Bond ETF
BSCI,BulletShares 2018 Corporate Bond ETF
BSCJ,BulletShares 2019 Corporate Bond ETF
BSCK,BulletShares 2020 Corporate Bond ETF
BSCL,Guggenheim BulletShares 2021 Corporate Bond ETF
BSCM,Guggenheim BulletShares 2022 Corporate Bond ETF
BSJC,BulletShares 2012 High Yield Corporate Bond ETF
BSJD,BulletShares 2013 High Yield Corporate Bond ETF
BSJE,BulletShares 2014 High Yield Corporate Bond ETF
BSJF,BulletShares 2015 High Yield Corporate Bond ETF
BSJG,BulletShares 2016 High Yield Corporate Bond ETF
BSJH,BulletShares 2017 High Yield Corporate Bond ETF
BSJI,BulletShares 2018 High Yield Corporate Bond ETF
BSJJ,BulletShares 2019 High Yield Corporate Bond ETF
BSJK,BulletShares 2020 High Yield Corporate Bond ETF
BSR,BearLinx Alerian MLP Select Index ETN
BSV,Short Term Bond ETF
BTAH,U.S. Market Neutral Beta Fund
BTAL,U.S. Market Neutral Anti-Beta Fund
BUND,Germany Bond Index Fund
BUNL,DB German Bund Futures ETN
BUNT,3x German Bund Futures ETN
BVL,BG Large Cap ETN
BVT,BG Total Market ETN
BWV,CBOE S&P 500 BuyWrite Index ETN
BWX,SPDR Barclays Intl Treasury Bond
BWZ,SPDR Barclays Capital Short Term International Treasury Bond ETF
BXDB,Barclays Short B Leveraged Inverse S&P 500 TR ETN
BXDC,Barclays Short C Leveraged Inverse S&P 500 TR ETN
BXDD,Barclays Short D Leveraged Inverse S&P 500 TR ETN
BXUB,Barclays Long B Leveraged S&P 500 TR ETN
BXUC,Barclays Long C Leveraged S&P 500 TR ETN
BZF,Dreyfus Brazilian Real Fund
BZQ,UltraShort MSCI Brazil
EAPS,Europe MSCI EAFE ESG Index ETF
EATX,Food ETF
EBND,SPDR Barclays Capital Emerging Markets Local Bond ETF
ECH,iShares MSCI Chile Capped ETF
ECNS,iShares MSCI China Small-Cap ETF
ECON,EGShares Emerging Markets Consumer
EDC,Daily Emerging Markets Bull 3X Shares
EDEN,MSCI Denmark Capped Investable Market Index Fund
EDIV,SPDR S&P Emerging Markets Dividend ETF
EDV,Extended Duration Treasury ETF
EDZ,Daily Emerging Markets Bear 3X Shares
EEB,BRIC ETF
EEG,Dow Jones Emerging Markets Composite Titans Index Fund
EEH,SPECTRUM Lg Cap U.S. Sector ETN
EEHB,S&P Emerging Markets High Beta Portfolio
EELV,S&P Emerging Markets Low Volatility Portfolio
EEM,iShares MSCI Emerging Markets ETF
EEME,MSCI Emerging Markets EMEA Index Fund
EEML,MSCI Emerging Markets Latin America Index Fund
EEMS,iShares MSCI Emerging Markets Small-Cap ETF
EEMV,iShares MSCI Emerging Markets Minimum Volatility ETF
EEN,EW Euro-Pacific LDRs ETF
EEO,Dow Jones Emerging Markets Energy Titans Index Fund
EES,SmallCap Earnings Fund
EET,Ultra MSCI Emerging Markets
EEV,UltraShort MSCI Emerging Markets
EEVX,ETRACS Daily Short 5-Month S&P 500 VIX Futures ETN
EEZ,Earnings Top 100 Fund
EFA,iShares MSCI EAFE ETF
EFAV,iShares MSCI EAFE Minimum Volatility ETF
EFG,iShares MSCI EAFE Growth ETF
EFN,Dow Jones Emerging Markets Financials Titans Index Fund
EFNL,MSCI Finland Capped Investable Market Index Fund
EFO,Ultra MSCI EAFE
EFU,UltraShort MSCI EAFE
EFV,iShares MSCI EAFE Value ETF
EFZ,Short MSCI EAFE
EGPT,Egypt Index ETF
EGRW,MSCI Emerging Markets Growth Index Fund
EIDO,MSCI Indonesia ETF
EIPL,Monthly 2x Leveraged ETRACS Next Generation Internet ETN
EIPO,ETRACS Next Generation Internet ETN
EIRL,iShares MSCI Ireland Capped ETF
EIS,iShares MSCI Israel Capped ETF
EKH,HOLDRS Europe 2001
ELD,Emerging Markets Local Debt Fund
ELG,SPDR DJ Wilshire Lg Cap Growth
ELR,SPDR DJ Wilshire Large Cap ETF
ELV,SPDR DJ Wilshire Large Cap Value ET
EMAG,EM Aggregate Bond ETF
EMB,iShares J.P. Morgan USD Emerging Markets Bond ETF
EMBB,MSCI EM Beyond BRIC ETF
EMCB,Emerging Markets Corporate Bond Fund
EMCD,SPDR BofA Merrill Lynch Emerging Markets Corporate Bond ETF
EMCG,Emerging Markets Consumer Growth Fund
EMCR,Emerging Markets Core ETF
EMDD,Emerging Markets Domestic Demand ETF
EMDG,EGShares Emerging Markets Dividend Growth ETF
EMDI,MSCI Emerging Markets Consumer Discretionary Sector Fund
EMDR,VelocityShares Emerging Markets DR ETF
EMER,IQ Emerging Markets Mid Cap ETF
EMEY,MSCI Emerging Markets Energy Sector Capped Index Fund
EMFM,Next Emerging & Frontier ETF
EMFN,MSCI Emerging Markets Financials Sector Index Fund
EMFT,SPDR MSCI EM 50 ETF
EMG,SPDR DJ Wilshire Mid Cap Growth ETF
EMGX,Russell Emerging Markets Growth ETF
EMHD,EM Dividend High Income ETF
EMHY,Emerging Markets High Yield Bond Fund
EMIF,S&P Emerging Markets Infrastructure Index Fund
EMLB,Long Enhanced MSCI Emerging Markets Index ETN
EMLC,Market Vectors Emerging Markets Local Currency Bond ETF
EMLP,North American Energy Infrastructure Fund
EMM,SPDR DJ Wilshire Mid Cap ETF
EMMT,MSCI Emerging Markets Materials Sector Index Fund
EMSA,Short Enhanced MSCI Emerging Markets Index ETN
EMT,Dow Jones Emerging Markets Metals & Mining Titans Index Fund
EMV,SPDR DJ Wilshire Mid Cap Value ETF
EMVX,Russell Emerging Markets Value ETF
ENFR,Alerian Energy Infrastructure ETF
ENGN,iShares Industrials Bond ETF
ENOR,MSCI Norway Capped Investable Market Index Fund
ENY,Canadian Energy Income ETF
ENZL,iShares MSCI New Zealand Capped ETF
EPHE,iShares MSCI Philippines ETF
EPI,India Earnings Fund
EPOL,iShares MSCI Poland Capped ETF
EPP,iShares MSCI Pacific ex Japan ETF
EPS,Earnings 500 Fund
EPU,iShares MSCI All Peru Capped ETF
EPV,UltraShort MSCI Europe ETF
EQIN,Equity Income ETF
EQL,Equal Sector Weight ETF
ERO,EUR/USD Exchange Rate ETN
ERUS,iShares MSCI Russia Capped ETF
ERW,VelocityShares Equal Risk Weighted Large Cap ETF
ERX,Daily Energy Bull 3X Shares
ERY,Daily Energy Bear 3X Shares
ESR,iShares MSCI Emerging Markets Eastern Europe ETF
ETFY,FTSE Environmental Technologies Index ETF
EU,Euro Debt Fund
EUFN,MSCI Europe Financials Sector Index Fund
EUFX,Short Euro
EUM,Short MSCI Emerging Markets
EUO,UltraShort Euro
EUSA,iShares MSCI United Kingdom ETF
EVAL,MSCI Emerging Markets Value Index Fund
EVX,Market Vectors Environmental Services ETF
EWA,MSCI Australia ETF
EWAC,MSCI All Country World Equal Weight ETF
EWAS,MSCI Australia Small Cap Index Fund
EWC,iShares MSCI Canada ETF
EWCS,MSCI Canada Small Cap Index Fund
EWD,iShares MSCI Sweden ETF
EWEF,MSCI EAFE Equal Weight ETF
EWEM,MSCI Emerging Markets Equal Weight
EWG,iShares MSCI Germany ETF
EWGS,MSCI Germany Small Cap Index Fund
EWH,iShares MSCI Hong Kong ETF
EWHS,iShares MSCI Hong Kong Small-Cap ETF
EWI,iShares MSCI Italy Capped ETF
EWJ,iShares MSCI Japan ETF
EWK,iShares MSCI Belgium Capped ETF
EWL,iShares MSCI Switzerland Capped ETF
EWM,iShares MSCI Malaysia ETF
EWMD,S&P MidCap 400 Equal Weight ETF
EWN,iShares MSCI Netherlands ETF
EWO,iShares MSCI Austria Capped ETF
EWP,iShares MSCI Spain Capped ETF
EWQ,iShares MSCI France ETF
EWRI,Russell 1000 Equal Weight ETF
EWRM,Russell Midcap Equal Weight ETF
EWRS,Russell 2000 Equal Weight ETF
EWS,iShares MSCI Singapore ETF
EWSM,S&P SmallCap 600 Equal Weight ETF
EWSS,iShares MSCI Singapore Small-Cap ETF
EWT,iShares MSCI Taiwan ETF
EWU,iShares MSCI United Kingdom ETF
EWUS,MSCI United Kingdom Small Cap Index Fund
EWV,UltraShort MSCI Japan
EWW,iShares MSCI Mexico Capped ETF
EWX,SPDR S&P Emerging Markets Small Cap ETF
EWY,iShares MSCI South Korea Capped ETF
EWZ,iShares MSCI Brazil Capped ETF
EWZS,iShares MSCI Brazil Small-Cap ETF
EXB,Claymore/Clear Global Exchanges Brokers and Asset
EXI,iShares Global Industrials ETF
EXT,Total Earnings Fund
EZA,iShares MSCI South Africa ETF
EZJ,Ultra MSCI Japan
EZM,MidCap Earnings Fund
EZU,iShares MSCI EMU ETF
EZY,LargeCap Value Fund
DAG,DB Agriculture Double Long ETN
DBA,DB Agriculture Fund
DBAP,MSCI AC Asia Pacific ex Japan Hedged Equity Fund
DBB,DB Base Metals Fund
DBBR,MSCI Brazil Hedged Equity Fund
DBC,DB Commodity Index Tracking Fund
DBCN,MSCI Canada Hedged Equity Fund
DBE,DB Energy Fund
DBEF,MSCI EAFE Hedged Equity Fund
DBEM,MSCI Emerging Markets Equity Fund
DBEU,MSCI Europe Hedged Equity Fund
DBGR,db X-trackers MSCI Germany Hedged Equity Fund
DBIZ,Pring Turner Business Cycle ETF
DBJP,MSCI Japan Hedged Equity Fund
DBN,International Basic Materials Sector Fund
DBO,DB Oil Fund
DBP,DB Precious Metals Fund
DBR,International Health Care Sector Fund
DBS,DB Silver Fund
DBT,International Technology Sector Fund
DBU,Global ex-U.S. Utility Fund
DBUK,MSCI United Kingdom Hedged Equity Fund
DBV,DB G10 Currency Harvest
DCNG,Seasonal Natural Gas ETN
DDG,Short Oil & Gas
DDI,International Industrial Sector Fund
DDM,Ultra Dow30
DDP,DB Commodity Short ETN
DDVX,ETRACS Daily Short 4-Month S&P 500 VIX Futures ETN
DEB,Europe Total Dividend Fund
DEE,DB Commodity Double Short ETN
DEF,Defensive Equity ETF
DEFL,DB US Deflation ETN
DEM,Emerging Markets Equity Income Fund
DENT,Dent Tactical ETF
DES,SmallCap Dividend Fund
DEW,Global Equity Income Fund
DFE,Europe SmallCap Dividend Fund
DFJ,Japan SmallCap Fund
DFVL,US Treasury 5-year Bull ETN
DFVS,US Treasury 5-year Bear ETN
DGAZ,3x Inverse Natural Gas ETN
DGG,International Communications Sector Fund
DGL,DB Gold Fund
DGLD,3x Inverse Gold ETN
DGP,DB Gold Double Long ETN
DGRE,WisdomTree Emerging Markets Dividend Growth Fund
DGRS,WisdomTree U.S. SmallCap Dividend Growth Fund
DGRW,U.S. Dividend Growth Fund
DGS,Emerging Market SmallCap Fund
DGT,SPDR Global Dow ETF
DGZ,DB Gold Short ETN
DHS,Equity Income Fund
DIA,Dow Jones Industrial Average ETF
DIG,Ultra Oil & Gas
DIM,International MidCap Dividend Fund
DIRT,Pure Beta Agriculture ETN
DIV,SuperDividend U.S. ETF
DIVS,Small Cap High Dividend Yield ETF
DJCI,DJ-UBS Commodity Index Total Return ETN
DJP,Dow Jones-UBS Commodity Index TR ETN
DKA,International Energy Sector Fund
DLBL,US Treasury Long Bond Bull ETN
DLBS,US Treasury Long Bond Bear ETN
DLN,LargeCap Dividend Fund
DLS,International SmallCap Fund
DMM,Major Metro Housing Down Trust
DND,Pacific ex-Japan Total Dividend Fund
DNH,Pacific ex-Japan Equity Income Fund
DNL,Global ex-U.S. Growth Fund
DNO,United States Short Oil Fund
DOD,DJ High Yield Select 10 ETN
DOG,Short Dow30
DOIL,3x Inverse Brent Crude ETN
DOL,International LargeCap Dividend Fund
DON,MidCap Dividend Fund
DOO,International Dividend ex-Financials Fund
DOY,$100 Oil Down
DPC,International Consumer Cyclical Sector
DPK,Daily Developed Markets Bear 3x Shares
DPN,International Consumer Non-Cyclical Sector Fund
DPU,DB Commodity Long ETN
DRF,International Financial Sector Fund
DRGS,Global Big Pharma ETN
DRN,Daily Real Estate Bull 3x Shares
DRR,Market Vectors-Double Short Euro ETN
DRV,Daily Real Estate Bear 3x Shares
DRW,Global ex-US Real Estate Fund
DSC,SPDR DJ Wilshire Small Cap ETF
DSG,SPDR DJ Wilshire Small Cap Growth
DSI,KLD 400 Social Index Fund
DSLV,3x Inverse Silver ETN
DSTJ,Double Short US Long Bond Treasury Futures ETNs
DSUM,Chinese Yuan Dim Sum Bond Portfolio
DSV,SPDR DJ Wilshire Small Cap Value
DSXJ,Double Short US 10 Year Treasury Futures ETNs
DTD,Total Dividend Fund
DTH,DEFA High-Yielding Equity Fund
DTN,Dividend ex-Financials Fund
DTO,DB Crude Oil Dble Short ETN
DTUL,US Treasury 2-Year Bull ETN
DTUS,US Treasury 2-Year Bear ETN
DTYL,US Treasury 10-Year Bull ETN
DTYS,US Treasury 10-Year Bear ETN
DUG,UltraShort Oil & Gas
DUST,Daily Gold Miners Bear 3x Shares
DVHI,ETRACS Diversified High Income ETN
DVHL,ETRACS Monthly Pay 2xLeveraged Diversified High Income ETN
DVY,iShares Select Dividend ETF
DVYA,iShares Asia/Pacific Dividend ETF
DVYE,iShares Emerging Markets Dividend ETF
DVYL,ETRACS Monthly Pay 2x Leveraged Dow Jones Select Dividend Index ETN
DWAS,DWA SmallCap Technical Leaders Portfolio
DWM,DEFA Fund
DWTI,3x Inverse Crude ETN
DWX,SPDR S&P International Dividend ETF
DXD,UltraShort Dow30
DXGE,Germany Hedged Equity Fund
DXJ,Japan Hedged Equity Fund
DXJS,WisdomTree Japan Hedged SmallCap Equity Fund
DXKW,Korea Hedged Equity Fund
DXO,DB Crude Oil Dble Long ETN
DXPS,WisdomTree United Kingdom Hedged Equity Fund
DYY,DB Commodity Double Long ETN
DZK,Daily Developed Markets Bull 3x Shares
DZZ,DB Gold Double Short ETN
GERJ,Market Vectors Germany Small-Cap ETF
GEX,Market Vectors Global Alternative Energy ETF
GGEM,Consumer Goods GEMS ETF
GGGG,Pure Gold Miners ETF
GGOV,German Sovereign/Sub Sovereign ETF
GHYG,Global High Yield Corporate Bond Fund
GII,SPDR FTSE/Macquarie GI 100 ETF
GIVE,Global Echo ETF
GIY,Enhanced Core Bond ETF
GLCB,WisdomTree Global Corporate Bond Fund
GLD,SPDR Gold Trust
GLDI,Gold Shares Covered Call ETN
GLDX,Gold Explorers ETF
GLJ,10+ Year Government/Credit Bond Fund
GLL,UltraShort Gold
GLTR,Physical Precious Metal Basket Shares
GMF,SPDR S&P Emerging Asia Pacific ETF
GMFS,SPDR S&P Small Cap Emerging Asia Pacific ETF
GML,SPDR S&P Emerging Latin America ETF
GMM,SPDR S&P Emerging Markets ETF
GMMB,Intermediate Municipal Bond Strategy Fund
GMTB,Core Bond Strategy Fund
GNAT,Global Natural Resources Fund
GNMA,Barclays GNMA Bond Fund
GNR,SPDR S&P Global Natural Resources ETF
GOE,MLCX Gold Total Return Index ETN
GOVT,iShares U.S. Treasury Bond ETF
GQRE,Global Quality Real Estate Index Fund
GREK,FTSE Greece 20 ETF
GRES,IQ Global Resources ETF
GRI,Cohen & Steers Global Realty Majors ETF
GRID,NASDAQ Clean Edge Smart Grid Infrastructure Index Fund
GRN,Global Carbon ETN
GRPC,Growth at a Reasonable Price ETF
GRU,MLCX Grains Index TR ETN
GRV,Mars Hill Global Relative Value ETF
GRWN,Pure Beta Softs ETN
GSAX,ALPS/GS Momentum Builder Asia ex-Japan Equities and U.S. Treasuries Index ETF
GSC,GS Connect S&P GSCI Enh Commodity TR ETN
GSD,FTSE Developed Countries ex US Fund
GSG,GSCI Commodity-Indexed Trust Fund
GSGO,ALPS/GS Momentum Builder Growth Markets Equities and U.S. Treasuries Index ETF
GSMA,ALPS/GS Momentum Builder Multi-Asset Index ETF
GSO,FTSE All-World ex US Fund ETF
GSP,S&P GSCI Total Return Index ETN
GSR,FTSE Emerging Markets Fund
GSRA,ALPS/GS Risk Adjusted Return U.S. Large Cap Index ETF
GSW,FTSE All-World Fund
GSY,Enhanced Ultra-Short Bond ETF
GSZ,FTSE All-Cap Asia Pacific ex Japan Fund ETF
GTAA,Cambria Global Tactical ETF
GTIP,iShares Global Inflation Linked Bond ETF
GULF,Middle East Dividend ETF
GUNR,Morningstar Global Upstream Natural Resources Index Fund
GUR,SPDR S&P Emerging Europe ETF
GURU,Top Guru Holdings Index ETF
GVI,iShares Intermediate Government/Credit Bond ETF
GVT,Concentrated Large Cap Value Strategy Fund
GWL,SPDR S&P World ex-US ETF
GWO,CS Global Warming ETN
GWX,SPDR S&P International SmallCap ETF
GXC,SPDR S&P China ETF
GXF,FTSE Nordic 30 ETF
GXG,InterBolsa FTSE Colombia 20 ETF
GYLD,Dow Jones Global Yield ETF
FEX,Large Cap Core AlphaDEX Fund
FEZ,SPDR Euro STOXX 50 ETF
FFL,Focus Morningstar Financial Services Index ETF
FFR,FTSE EPRA/NAREIT Developed Markets Real Estate Index Fund
FFVX,ETRACS Daily Short 6-Month S&P 500 VIX Futures ETN
FGD,DJ Global Select Dividend Index Fund
FGEM,Financials GEMS ETF
FGHY,Barclays ETN+ FI Enhanced Global High Yield ETN
FGM,Germany AlphaDEX Fund
FHC,Focus Morningstar Health Care Index ETF
FHK,Hong Kong AlphaDEX Fund
FHLC,MSCI Health Care Index ETF
FIDU,MSCI Industrials Index ETF
FIGY,Barclays ETN+ FI Enhanced Global High Yield ETN
FIL,Focus Morningstar Industrials Index ETF
FILL,iShares MSCI Global Energy Producers ETF
FINF,Short 30 Year TIPS/TSY Spread
FINU,UltraPro Financials
FINZ,UltraPro Short Financials
FIO,FTSE NAREIT Industrial/Office Index Fund
FISN,Fishing Industry ETF
FIVZ,3-7 Year U.S. Treasury Index Fund
FIW,ISE Water Index Fund
FJP,Japan AlphaDEX Fund
FKL,Lutheran Values Fund
FKO,South Korea AlphaDEX Fund
FKU,United Kingdom AlphaDEX Fund
FLAG,The Forensic Accounting ETF
FLAT,US Treasury Flattener ETN
FLG,Focus Morningstar Large Cap Index ETF
FLM,ISE Global Engineering and Construction Index Fund
FLN,Latin America AlphaDEX Fund
FLOT,iShares Floating Rate Bond ETF
FLRN,SPDR Barclays Capital Investment Grade Floating Rate ETF
FLTR,Market Vectors Investment Grade Floating Rate Bond ETF
FLYX,Airline Shares
FM,MSCI Frontier 100 Index Fund
FMAT,MSCI Materials Index ETF
FMF,First Trust Morningstar Managed Futures Strategy Fund
FMK,Mega Cap AlphaDEX Fund
FMM,Focus Morningstar Mid Cap Index ETF
FMU,Focus Morningstar US Market Index ETF
FMV,Methodist Values ETF
FNCL,MSCI Financials Index ETF
FNDA,Fundamental U.S. Small Company Index ETF
FNDB,Fundamental U.S. Broad Market Index ETF
FNDC,Fundamental International Small Company Index ETF
FNDE,Fundamental Emerging Markets Large Company Index ETF
FNDF,Fundamental International Large Company Index ETF
FNDX,Fundamental U.S. Large Company Index ETF
FNI,ISE Chindia Index Fund
FNIO,iShares Industrial/Office Real Estate Capped ETF
FNK,Mid Cap Value AlphaDEX Fund
FNX,Mid Cap Core AlphaDEX
FNY,Mid Cap Growth AlphaDEX Fund
FOC,Christian Values ETF
FOIL,Pure Beta Aluminum ETN
FOL,2x Oil Bull/S&P 500 Bear
FONE,NASDAQ CEA Smartphone Index Fund
FORX,PIMCO Foreign Currency Strategy Exchange Traded Fund
FOS,Focus Morningstar Small Cap Index ETF
FPA,Asia Pacific Ex-Japan AlphaDEX Fund
FPE,First Trust Preferred Securities and Income ETF
FPX,IPOX-100 Index Fund
FRAK,Market Vectors Unconventional Oil & Gas ETF
FRI,S&P REIT Index Fund
FRL,Focus Morningstar Real Estate Index ETF
FRN,Frontier Markets ETF
FSA,2x T-Bond Bull/S&P 500 Bear
FSE,2x S&P 500 Bull/T-Bond Bear
FSG,2x Gold Bull/S&P 500 Bear
FSTA,MSCI Consumer Staples Index ETF
FSU,2x S&P 500 Bull/USD Bear
FSZ,Switzerland AlphaDEX Fund
FTA,Large Cap Value AlphaDEX Fund
FTC,Large Cap Growth AlphaDEX Fund
FTCS,First Trust Capital Strength ETF
FTEC,MSCI Information Technology Index ETF
FTQ,Focus Morningstar Technology Index ETF
FTSD,Short Duration U.S. Government ETF
FTSL,Senior Loan Fund
FTW,Taiwan AlphaDEX Fund
FTY,iShares Real Estate 50 ETF
FUD,E-TRACS UBS Bloomberg CMCI Food ETN
FUE,MLCX Biofuels Index TR ETN
FUI,Focus Morningstar Utilities Index ETF
FUTY,MSCI Utilities Index ETF
FVD,Value Line Dividend Index Fund
FVI,Value Line Equity Allocation Index Fund
FVL,Value Line 100 ETF
FWDB,Madrona Forward Global Bond ETF
FWDD,Madrona Forward Domestic ETF
FWDI,Madrona Forward International ETF
FXA,CurrencyShares Australian Dollar Trust
FXB,CurrencyShares British Pound Sterling Trust
FXC,CurrencyShares Canadian Dollar Trust
FXCH,CurrencyShares Chinese Renminbi Trust
FXD,Consumer Discretionary AlphaDEX Fund
FXE,CurrencyShares Euro Currency Trust
FXF,CurrencyShares Swiss Franc Trust
FXG,Consumer Staples AlphaDEX Fund
FXH,Health Care AlphaDEX
FXI,iShares China Large-Cap ETF
FXL,Technology AlphaDEX Fund
FXM,CurrencyShares Mexican Peso Trust
FXN,Energy AlphaDEX Fund
FXO,Financials AlphaDEX Fund
FXP,Ultrashort FTSE/Xinhua China
FXR,Industrials/Producer Durables AlphaDEX Fund
FXRU,CurrencyShares Russian Ruble Trust
FXS,CurrencyShares Swedish Krona Trust
FXSG,CurrencyShares Singapore Dollar Trust
FXU,Utilities AlphaDEX Fund
FXY,CurrencyShares Japanese Yen Trust
FXZ,Materials AlphaDEX Fund
FYC,Small Cap Growth AlphaDEX Fund
FYLD,Cambria Foreign Shareholder Yield ETF
FYT,Small Cap Value AlphaDEX Fund
FYX,Small Cap Core AlphaDEX Fund
FZB,Baptist Values Fund
IAH,HOLDRS Internet Architecture
IAI,iShares U.S. Broker-Dealers ETF
IAK,iShares U.S. Insurance ETF
IAT,iShares U.S. Regional Banks ETF
IAU,COMEX Gold Trust
IBB,Nasdaq Biotechnology
IBCB,iSharesBond 2016 Corporate ex-Financials Term ETF
IBCC,iSharesBond 2018 Corporate ex-Financials Term ETF
IBCD,iSharesBond 2020 Corporate ex-Financials Term ETF
IBCE,iSharesBond 2023 Corporate ex-Financials Term ETF
IBDA,iSharesBond 2016 Corporate Term ETF
IBDB,iShares 2018 Corporate Term ETF
IBDC,iSharesBond 2020 Corporate Term ETF
IBDD,iSharesBond 2023 Corporate Term ETF
IBND,SPDR Barclays Capital International Corporate Bond ETF
ICF,iShares Cohen & Steers REIT ETF
ICI,Optimized Currency Carry ETN
ICLN,S&P Global Clean Energy Index Fund
ICN,Dreyfus Indian Rupee Fund
ICOL,iShares MSCI Colombia Capped ETF
IDHB,S&P International Developed High Beta Portfolio
IDHQ,S&P International Developed High Quality Portfolio Fund
IDLV,S&P International Developed Low Volatility Portfolio
IDOG,ALPS International Sector Dividend Dogs ETF
IDU,iShares U.S. Utilities ETF
IDV,iShares International Select Dividend ETF
IDX,Market Vectors Indonesia Index ETF
IDXJ,Market Vectors Indonesia Small-Cap ETF
IEF,iShares 7-10 Year Treasury Bond ETF
IEFA,Core MSCI EAFE ETF
IEI,iShares 3-7 Year Treasury Bond ETF
IELG,Enhanced U.S. Large-Cap ETF
IEMG,Core MSCI Emerging Markets ETF
IEO,iShares U.S. Oil & Gas Exploration & Production ETF
IESM,Enhanced U.S. Small-Cap ETF
IEV,iShares Europe ETF
IEZ,iShares U.S. Oil Equipment & Services ETF
IFAS,FTSE EPRA/NAREIT Asia Index Fund
IFEU,FTSE EPRA/NAREIT Europe Index Fund
IFGL,FTSE EPRA/NAREIT Global Real Estate ex-U.S. Index Fund
IFNA,FTSE EPRA/NAREIT North America Index Fund
IFSM,FTSE Developed Small Cap ex-North America
IGE,iShares North American Natural Resources ETF
IGEM,Industrials GEMS ETF
IGF,iShares Global Infrastructure ETF
IGHG,Investment Grade Interest Rate Hedged ETF
IGM,iShares North American Tech ETF
IGN,iShares North American Tech-Multimedia Networking ETF
IGOV,S&P/Citigroup International Treasury Fund
IGS,Short Investment Grade Corporate
IGU,Ultra Investment Grade Corporate
IGV,iShares North American Tech-Software ETF
IGW,Goldman Sachs Semiconductor Index Fund
IHE,iShares U.S. Pharmaceuticals ETF
IHF,iShares U.S. Healthcare Providers ETF
IHI,iShares U.S. Medical Devices ETF
IHY,Market Vectors International High Yield Bond ETF
IIH,HOLDRS Internet Infrastructure
IJH,Core S&P Mid-Cap ETF
IJJ,iShares S&P Mid-Cap 400 Value ETF
IJK,iShares U.S. Consumer Goods ETF
IJR,Core S&P Small-Cap ETF
IJS,iShares S&P Small-Cap 600 Value ETF
IJT,iShares S&P Small-Cap 600 Growth ETF
ILB,Global Advantage Inflation-Linked Bond Strategy Fund
ILF,iShares Latin America 40 ETF
ILTB,Core Long-Term U.S. Bond ETF
IMLP,iPath S&P MLP ETN
INCO,India Consumer ETF
INDA,MSCI India Index Fund
INDL,Daily India Bull 2x Shares
INDY,S&P India Nifty Fifty Index Fund
INDZ,Daily India Bear 3x Shares
INFL,DB US Inflation ETN
INKM,SPDR Income Allocation ETF
INP,MSCI India Index ETN
INR,Market Vectors-Indian Rupee/USD ETN
INSD,Large Cap Insider Sentiment Shares
INXX,India Infrastructure ETF
INY,SPDR Barclays New York Municipal Bond ETF
IOIL,IQ Global Oil Small Cap ETF
IOO,iShares Global 100 ETF
IPAL,2x Inverse Palladium ETN
IPD,SPDR S&P International Consumer Discretionary Sector ETF
IPE,SPDR Barclays Capital TIPS ETF
IPF,SPDR S&P International Financial Sector ETF
IPFF,iShares International Preferred Stock ETF
IPK,SPDR S&P International Technology Sector ETF
IPLT,2x Inverse Platinum ETN
IPN,SPDR S&P International Industrial Sector ETF
IPO,Renaissance IPO ETF
IPS,SPDR S&P International Consumer Staples Sector ETF
IPU,SPDR S&P International Utilities Sector ETF
IPW,SPDR S&P International Energy Sector ETF
IQDE,FlexShares International Quality Dividend Defensive Index Fund
IQDF,FlexShares International Quality Dividend Index Fund
IQDY,FlexShares International Quality Dividend Dynamic Index Fund
IRO,Claymore/Zacks Dividend Rotation ETF
IRV,SPDR S&P International Materials Sector ETF
IRY,SPDR S&P International Health Care Sector ETF
ISHG,S&P/Citi 1-3 Yr Intl Treasury Bd
ISI,S&P 1500 Index Fund
ISRA,Market Vectors Israel ETF
IST,SPDR S&P International Telecommunications Sector ETF
ISTB,Core Short-Term U.S. Bond ETF
ITA,iShares U.S. Aerospace & Defense ETF
ITB,iShares U.S. Home Construction ETF
ITE,SPDR Barclays Intermediate Term Treasury ETF
ITF,iShares Japan Large-Cap ETF
ITIP,iShares International Inflation-Linked Bond ETF
ITLT,DB 3x Italian Treasury Bond Futures ETN
ITLY,DB Italian Treasury Bond Futures ETN
ITM,Market Vectors-Intermediate Municipal Index ETF
ITOT,Core S&P Total U.S. Stock Market ETF
ITR,SPDR Barclays Capital Intermediate Term Credit Bond ETF
IVE,iShares S&P 500 Value ETF
IVO,Inverse January 2021 S&P 500 VIX Short-Term Futures ETN
IVOG,S&P Mid-Cap 400 Growth ETF
IVOO,S&P Mid-Cap 400 ETF
IVOP,Inverse S&P 500 VIX Short-Term Futures ETN (II)
IVOV,S&P Mid-Cap 400 Value ETF
IVV,Core S&P 500 ETF
IVW,iShares S&P 500 Growth ETF
IWB,iShares Russell 1000 ETF
IWC,iShares Micro-Cap ETF
IWD,iShares Russell 1000 Value ETF
IWF,iShares Russell 1000 Growth ETF
IWL,iShares Russell Top 200 ETF
IWM,iShares Russell 2000 ETF
IWN,iShares Russell 2000 Value ETF
IWO,iShares Russell 2000 Growth ETF
IWP,iShares Russell Mid-Cap Growth ETF
IWR,iShares Russell Mid-Cap ETF
IWS,iShares Russell Mid-Cap Value ETF
IWV,iShares Russell 3000 ETF
IWW,iShares Russell 3000 Value ETF
IWX,iShares Russell Top 200 Value ETF
IWY,iShares Russell Top 200 Growth ETF
IWZ,iShares Russell 3000 Growth ETF
IXC,iShares Global Energy ETF
IXG,iShares Global Financials ETF
IXJ,iShares Global Healthcare ETF
IXN,iShares Global Tech ETF
IXP,iShares Global Telecom ETF
IXUS,Core MSCI Total International Stock ETF
IYC,iShares U.S. Consumer Services ETF
IYE,iShares U.S. Energy ETF
IYF,iShares U.S. Financials ETF
IYG,iShares U.S. Financial Services ETF
IYH,iShares U.S. Healthcare ETF
IYJ,iShares U.S. Industrials ETF
IYK,Dow Jones U.S. Consumer Goods Index Fund
IYLD,Morningstar Multi-Asset Income Index Fund
IYM,iShares U.S. Basic Materials ETF
IYR,iShares U.S. Real Estate ETF
IYT,iShares Transportation Average ETF
IYW,iShares U.S. Technology ETF
IYY,iShares Dow Jones U.S. ETF
IYZ,iShares U.S. Telecommunications ETF
HAO,China Small Cap ETF
HAP,Market Vectors Hard Assets Producers ETF
HBTA,Russell 1000 High Beta ETF
HDG,Hedge Replication ETF
HDGE,Active Bear ETF
HDGI,Athena International Bear ETF
HDIV,High Dividend Yield ETF
HDV,iShares High Dividend ETF
HECO,EcoLogical Strategy ETF
HEDJ,Europe Hedged Equity Fund
HEVY,Pure Beta Industrial Metals ETN
HFIN,S&P Financial Select Sector Covered Call ETF
HGEM,Health Care GEMS ETF
HGI,International Multi Asset Income ETF
HHH,HOLDRS Internet
HILO,Low Volatility Emerging Markets Dividend ETF
HKK,IQ Hong Kong Small Cap ETF
HMTM,Russell 1000 High Momentum ETF
HPVW,US Equity High Volatility Put Write Index Fund
HSPX,Horizons S&P 500 Covered Call ETF
HUSE,U.S. Equity Rotation Strategy ETF
HVOL,Russell 1000 High Volatility ETF
HVPW,US Equity High Volatility Put Write Index Fund
HYD,Market Vectors High Yield Municipal Index ETF
HYE,Market Vectors European Currency High Yield Bond ETF
HYEM,Market Vectors Emerging Markets High Yield Bond ETF
HYG,iShares iBoxx $ High Yield Corporate Bond ETF
HYHG,High Yield Interest Rate Hedged ETF
HYLD,Peritus High Yield ETF
HYLS,High Yield Long/Short ETF
HYMB,SPDR Nuveen S&P High Yield Municipal Bond ETF
HYS,0-5 Year High Yield Corporate Bond Index Fund
HYXU,Global ex USD High Yield Corporate Bond Fund
KBE,SPDR S&P Bank ETF
KBWB,KBW Bank Portfolio
KBWC,KBW Capital Markets Portfolio
KBWD,KBW High Dividend Yield Financial Portfolio
KBWI,KBW Insurance Portfolio
KBWP,KBW Property & Casualty Insurance Portfolio
KBWR,KBW Regional Banking Portfolio
KBWX,KBW International Financial Portfolio
KBWY,KBW Premium Yield Equity REIT Portfolio
KCE,SPDR S&P Capital Markets ETF
KFYP,CSI China Five Year Plan ETF
KIE,SPDR S&P Insurance ETF
KLD,iShares MSCI USA ESG Select ETF
KME,SPDR KBW Mortgage Finance ETF
KNOW,All Cap Insider Sentiment Shares
KOL,Market Vectors Coal ETF
KOLD,UltraShort DJ-UBS Natural Gas
KORU,Direxion Daily South Korea Bull 3X Shares
KORZ,Direxion Daily South Korea Bear 3X Shares
KRE,SPDR S&P Regional Banking ETF
KROO,IQ Australia Small Cap ETF
KRS,Short KBW Regional Banking
KRU,Ultra KBW Regional Banking
KWT,Market Vectors Solar Energy ETF
KXI,iShares Global Consumer Staples ETF
JCO,Contrarian Opportunities Index Fund
JDST,Daily Junior Gold Miners Index Bear 3x Shares
JEM,GEMS Index ETN
JFT,KEYnotes First Trust Enh 130/30 LgCp ETN
JGBD,DB 3x Inverse Japanese Government Bond Futures ETN
JGBL,DB Japanese Government Bond Futures ETN
JGBS,DB Inverse Japanese Government Bond Futures ETN
JGBT,DB 3x Japanese Government Bond Futures ETN
JJA,DJ-UBS Agriculture Subindex Total Return ETN
JJAC,Dow Jones-UBS Agriculture Subindex Total Return Callable ETN
JJC,DJ-UBS Copper Total Return Sub-Index ETN
JJE,DJ-UBS Energy Total Return Sub-Index ETN
JJG,DJ-UBS Grains Total Return Sub-Index ETN
JJM,DJ-UBS Industrial Metals Total Return Sub-Index ETN
JJN,DJ-UBS Nickel Total Return Sub-Index ETN
JJP,Dow Jones-UBS Precious Metals Total Return Sub-Index ETN
JJS,Dow Jones-UBS Softs Total Return Sub-Index ETN
JJT,Dow Jones-UBS Tin Total Return Sub-Index ETN
JJU,Dow Jones-UBS Aluminum Total Return Sub-Index ETN
JKD,iShares Morningstar Large-Cap ETF
JKE,iShares Morningstar Large-Cap Value ETF
JKF,Morningstar Large Value Index Fund
JKG,iShares Morningstar Mid-Cap ETF
JKH,iShares Morningstar Mid-Cap Growth ETF
JKI,iShares Morningstar Mid-Cap Value ETF
JKJ,iShares Morningstar Small-Cap ETF
JKK,iShares Morningstar Small-Cap Growth ETF
JKL,iShares Morningstar Small-Cap Value ETF
JNK,SPDR Barclays Capital High Yield Bond ETF
JNUG,Daily Junior Gold Miners Index Bull 3x Shares
JO,Dow Jones-UBS Coffee ETN
JPNL,The Direxion Daily Japan Bull 3X Shares
JPNS,Direxion Daily Japan Bear 3x Shares
JPP,SPDR Russell/Nomura PRIME Japan ETF
JPX,UltraShort MSCI Pacific ex-Japan
JSC,SPDR Russell/Nomura Small Cap Japan
JUNR,Junior Miners ETF
JVS,Dow Jones Islamic Market International Index Fund
JXI,iShares Global Utilities ETF
JYF,Dreyfus Japanese Yen Fund
JYN,JPY/USD Exchange Rate ETN
MATH,Meidell Tactical Advantage ETF
MATL,Daily Basic Materials Bull 3X Shares
MATS,Daily Basic Materials Bear 3X Shares
MBB,iShares MBS ETF
MBG,SPDR Barclays Capital Mortgage Backed Bond ETF
MCHI,iShares MSCI China ETF
MCRO,IQ Hedge Macro Tracker ETF
MDD,SPDR S&P International Mid Cap ETF
MDIV,Multi-Asset Diversified Income Index Fund
MDY,SPDR MidCap Trust Series I
MDYG,SPDR S&P 400 Mid Cap Growth ETF
MDYV,SPDR S&P 400 Mid Cap Value ETF
MES,Market Vectors Gulf States Index ETF
MEXS,Mexico Small-Cap ETF
MFLA,Long Enhanced MSCI EAFE Index ETN
MFSA,Short Enhanced MSCI EAFE Index ETN
MGC,Mega Cap 300 ETF
MGK,Mega Cap 300 Growth
MGV,Mega Cap 300 Value
MIDU,Daily Mid Cap Bull 3x Shares
MIDZ,Daily Mid Cap Bear 3x Shares
MINC,Newfleet Multi-Sector Income ETF
MINT,Enhanced Short Maturity Strategy Fund
MKH,HOLDRS Market 2000+
MLN,Market Vectors-Long Municipal Index ETF
MLPA,MLP ETF
MLPC,C-Tracks Miller/Howard MLP ETN
MLPG,E-TRACS Alerian Natural Gas MLP Index
MLPI,E-TRACS Alerian MLP Infrastructure Index
MLPJ,Junior MLP ETF
MLPL,E-TRACS 2x Leveraged Long Alerian MLP Infrastructure Index
MLPN,Credit Suisse Equal Weight MLP Index ETN
MLPS,E-TRACS 1xMonthly Short Alerian MLP Infrastructure Total Return ETN
MLPW,E-TRACS Wells Fargo MLP Index
MLPX,Global X MLP & Energy Infrastructure ETF
MLPY,Cushing MLP High Income Index ETN
MMTM,SPDR S&P 1500 Momentum Tilt ETF
MNA,IQ Merger Arbitrage ETF
MOAT,Market Vectors Wide Moat Research ETF
MOM,U.S. Market Neutral Momentum Fund
MONY,iShares Financials Bond ETF
MOO,Market Vectors-Agribusiness ETF
MORL,ETRACS Monthly Pay 2xLeveraged Mortgage REIT ETN
MORT,Market Vector Mortgage REIT Income ETF
MRGR,Merger ETF
MSXX,PureFunds ISE Mining Services ETF
MTK,SPDR MS Technology
MTUM,MSCI USA Momentum Fund
MUAA,2012 S&P AMT-Free Municipal Series
MUAB,iShares 2013 AMT-Free Muni Term ETF
MUAC,iShares 2014 AMT-Free Muni Term ETF
MUAD,iShares 2015 AMT-Free Muni Term ETF
MUAE,iShares 2016 AMT-Free Muni Term ETF
MUAF,iShares 2017 AMT-Free Muni Term ETF
MUB,iShares National AMT-Free Muni Bond ETF
MUNI,Intermediate Municipal Bond Strategy Fund
MVV,Ultra MidCap400
MWJ,Daily Mid Cap Bull 3X Shares
MWN,Daily Mid Cap Bear 3X Shares
MXI,iShares Global Materials ETF
MYY,Short MidCap400
MZG,Claymore/Morningstar Manufacturing Super Sector Index ETF
MZN,Claymore/Morningstar Information Super Sector Index Fund
MZO,Claymore/Morningstar Services Super Sector Index ETF
MZZ,UltraShort MidCap400
LAG,SPDR Barclays Aggregate Bond ETF
LATM,Latin America Small-Cap Index ETF
LBJ,Daily Latin America 3x Bull Shares
LBND,3x Long 25+ Year Treasury Bond ETN
LBTA,Russell 1000 Low Beta ETF
LCPR,2x Long Copper ETN
LD,Dow Jones-UBS Lead Total Return Sub-Index
LEDD,Pure Beta Lead ETN
LEMB,iShares Emerging Markets Local Currency Bond ETF
LGEM,Basic Materials GEMS ETF
LGLV,SPDR Russell 1000 Low Volatility ETF
LHB,Daily Latin America 3x Bear Shares
LIT,Lithium ETF
LPAL,2x Long Palladium ETN
LPLT,2x Long Platinum ETN
LQD,iShares iBoxx $ Investment Grade Corporate Bond ETF
LSC,S&P CTI ETN
LSKY,ETRACS Monthly 2x Leveraged ISE Cloud Computing TR Index ETN
LSO,MLCX Livestock Total Return Index ETN
LSTK,Pure Beta Livestock ETN
LTL,Ultra Telecommunications ProShares
LTPZ,15+ Year U.S. TIPS Index Fund
LVL,S&P Global Dividend Opportunities Index ETF
LVOL,Russell 1000 Low Volatility ETF
LWC,SPDR Barclays Capital Long Term Corporate Bond ETF
LWPE,Low P/E ETF
OEF,iShares S&P 100 ETF
OFF,ETRACS Fisher-Gartman Risk Off ETN
OGEM,Energy GEMS ETF
OIH,Market Vectors Oil Services ETF
OIL,S&P GSCI Crude Oil Tot Ret Idx ETN
OILZ,E-TRACS Oil Futures Contango ETN
OLEM,Pure Beta Crude Oil ETN
OLO,DB Crude Oil Long ETN
ONEF,Russell Equity ETF
ONEQ,Nasdaq Composite Index Tracking Stock
ONG,Pure Beta Energy ETN
ONN,ETRACS Fisher-Gartman Risk On ETN
OOK,Oklahoma Exchange Traded Fund
OTP,Ocean Tomo Patent ETF
OTR,Ocean Tomo Growth Index ETF
NAGS,Natural Gas Fund
NASH,Nashville Area ETF
NASI,ESG Shares North America Sustainability Index ETF
NFO,Insider Sentiment ETF
NFRA,STOXX Global Broad Infrastructure Index Fund
NGE,Global X Nigeria Index ETF
NIB,Dow Jones-UBS Cocoa Total Return Sub-Index ETN
NINI,Pure Beta Nickel ETN
NKY,MAXIS Nikkei 225 Index ETF
NLR,Market Vectors Uranium+Nuclear Energy ETF
NOBL,S&P 500 Aristocrats ETF
NOMO,U.S. Market Neutral Anti-Momentum Fund
NORW,FTSE Norway 30 ETF
NUCL,S&P Global Nuclear Energy Index Fund
NUGT,Daily Gold Miners Bull 3x Shares
NY,iShares NYSE 100 ETF
NYC,iShares NYSE Composite ETF
NYF,iShares New York AMT-Free Muni Bond ETF
PAF,FTSE RAFI Asia Pacific ex-Japan Portfolio
PAGG,Global Agriculture Portfolio
PALL,Physical Palladium Shares
PAO,RiverFront Tactical Balanced Growth Portfolio
PBD,Global Clean Energy Portfolio
PBE,Dynamic Biotech &Genome
PBJ,Dynamic Food & Beverage
PBP,S&P 500 BuyWrite Portfolio
PBS,Dynamic Media
PBTQ,Global Biotech Portfolio
PBW,WilderHill Clean Energy Portfolio
PCA,RiverFront Tactical Growth & Income Portfolio
PCEF,CEF Income Composite Portfolio
PCY,Emerging Markets Sovereign Debt Portfolio
PDN,FTSE RAFI Developed Markets ex-U.S. Small-Mid Portfolio
PDP,DWA Technical Leaders Portfolio
PEF,FTSE RAFI Europe Portfolio
PEJ,Dynamic Leisure & Entertainment Portfolio
PEK,Market Vectors China ETF
PERM,Permanent ETF
PEX,Global Listed Private Equity ETF
PEY,High Yield Dividend Achievers
PEZ,Dynamic Consumer Discretionary
PFA,Dynamic Developed International Opportunities Portfolio
PFEM,Fundamental Emerging Markets Local Debt Portfolio
PFF,iShares U.S. Preferred Stock ETF
PFI,Dynamic Financial
PFIG,Fundamental Investment Grade Corporate Bond Portfolio
PFM,Dividend Achievers
PFXF,Market Vectors Preferred Securities ex Financials ETF
PGAL,FTSE Portugal 20 ETF
PGD,Asian & Gulf Currency Revaluation ETN
PGF,Financial Preferred Portfolio
PGHY,PowerShares Global Short Term High Yield Bond Portfolio
PGJ,Golden Dragon Halter USX China Portfolio
PGM,DJ UBS Platinum Trust Sub-Index ETN
PGX,Preferred Portfolio
PHB,Fundamental High Yield Corporate Bond Portfolio
PHDG,PowerShares S&P 500 Downside Hedged Portfolio
PHO,Water Resource Portfolio
PIC,Dynamic Insurance
PICB,International Corporate Bond Portfolio
PICK,iShares MSCI Global Metals & Mining Producers ETF
PID,Intl Dividend Achievers
PIE,DWA Emerging Market Technical Leaders Portfolio
PIN,India Portfolio
PIO,Global Water Portfolio
PIQ,Dynamic MagniQuant
PIV,S&P 500 High Quality Portfolio
PIZ,DWA Developed Market Technical Leaders Portfolio
PJB,Dynamic Banking
PJF,Dynamic Large Cap
PJG,Dynamic Mid Cap
PJM,Dynamic Small Cap
PJO,FTSE RAFI Japan Portfolio
PJP,Dynamic Pharmaceuticals
PKB,Dynamic Build & Construction
PKN,Global Nuclear Portfolio
PKOL,Global Coal Portfolio
PKW,Buyback Achievers
PLK,Active Low Duration Fund
PLND,Market Vectors Poland ETF
PLTM,ISE Global Platinum Index Fund
PLW,1-30 Treasury Ladder Portfolio
PMA,Active Mega Cap Fund
PMNA,MENA Frontier Countries Portfolio
PMR,Dynamic Retail
PMY,MLCX Precious Metals Plus Total Return Index ETN
PNQI,Nasdaq Internet Portfolio
PNXQ,NASDAQ NextQ Portfolio
PPA,Aerospace & Defense
PPH,Market Vectors Pharmaceutical ETF
PPLT,Physical Platinum Shares
PQBW,NASDAQ-100 BuyWrite Portfolio
PQSC,FTSE NASDAQ Small Cap Portfolio
PQY,Active AlphaQ Fund
PQZ,Active Multi-Cap Fund
PRB,Market Vectors Pre-Refunded Municipal Index ETF
PRF,FTSE RAFI US 1000 Portfolio
PRFZ,FTSE RAFI US 1500 Small-Mid Portfolio
PRN,Dynamic Industrials
PSAU,Global Gold and Precious Metals Portfolio
PSCC,S&P SmallCap Consumer Staples Portfolio
PSCD,S&P SmallCap Consumer Discretionary Portfolio
PSCE,S&P SmallCap Energy Portfolio
PSCF,S&P SmallCap Financials Portfolio
PSCH,S&P SmallCap Health Care Portfolio
PSCI,S&P SmallCap Industrials Portfolio
PSCM,S&P SmallCap Materials Portfolio
PSCT,S&P SmallCap Information Technology Portfolio
PSCU,S&P SmallCap Utilities Portfolio
PSI,Dynamic Semiconductors
PSJ,Dynamic Software
PSK,SPDR Wells Fargo Preferred Stock ETF
PSL,Dynamic Consumer Staples
PSP,Listed Private Equity
PSQ,Short QQQ
PSR,Active U.S. Real Estate Fund
PST,UltraShort Barclays 7-10 Year Treasury
PSTL,Global Steel Portfolio
PTD,E-TRACS UBS Short Platinum ETN
PTE,Dynamic Telecom
PTF,Dynamic Technology
PTH,Dynamic Healthcare
PTJ,Dynamic Heathcare Serv
PTM,E-TRACS UBS Long Platinum ETN
PTO,Ibbotson Alternative Completion Portfolio
PTRP,Global Progressive Transportation Portfolio
PUI,Dynamic Utilities
PUW,WilderHill Progressive Energy Portfolio
PVI,VRDO Tax Free Weekly Portfolio
PWB,Dynamic LargeCap Growth
PWC,XTF: Dynamic Market Portfolio
PWJ,Dynamic Mid Cap Growth
PWND,Global Wind Energy Portfolio
PWO,XTF: Dynamic OTC Portfolio
PWP,Dynamic Mid Cap Value
PWT,Dynamic SmallCap Growth
PWV,Dynamic LargeCap Value
PWY,Dynamic Small Cap Value
PWZ,Insured CA Municipal Bond Portfolio
PXE,Dynamic Energy E&P
PXF,FTSE RAFI Developed Markets ex-U.S. Portfolio
PXH,FTSE RAFI Emerging Markets Portfolio
PXI,Dynamic Energy
PXJ,Dynamic Oil Services
PXLC,RAFI Fundamental Pure Large Core Portfolio
PXLG,RAFI Fundamental Pure Large Growth Portfolio
PXLV,RAFI Fundamental Pure Large Value Portfolio
PXMC,RAFI Fundamental Pure Mid Core Portfolio
PXMG,RAFI Fundamental Pure Mid Growth Portfolio
PXMV,RAFI Fundamental Pure Mid Value Portfolio
PXN,Lux Nanotech Portfolio
PXQ,Dynamic Networking
PXR,Global Emerging Markets Infrastructure
PXSC,RAFI Fundamental Pure Small Core Portfolio
PXSG,RAFI Fundamental Pure Small Growth Portfolio
PXSV,RAFI Fundamental Pure Small Value Portfolio
PYH,Morningstar StockInvestor Core Portfolio
PYZ,Dynamic Basic Materials
PZA,Insured National Municipal Bond Portfolio
PZD,Cleantech Portfolio
PZI,Zacks Micro Cap
PZJ,Zacks Small Cap
PZT,Insured NY Municipal Bond Portfolio
SAA,Ultra SmallCap600
SAGG,Daily Total Bond Market Bear 1x Shares
SBB,Short SmallCap600
SBM,Short Basic Materials
SBND,3x Short 25+ Year Treasury Bond ETN
SBV,Pure Beta S&P GSCI-Weighted ETN
SCC,UltraShort Consumer Services
SCEQ,Small Cap Defensive Value ETF
SCHA,U.S. Small-Cap ETF
SCHB,U.S. Broad Market ETF
SCHC,International Small-Cap Equity ETF
SCHD,US Dividend Equity ETF
SCHE,Emerging Markets Equity ETF
SCHF,International Equity ETF
SCHG,U.S. Large-Cap Growth ETF
SCHH,U.S. REIT ETF
SCHM,U.S. Mid-Cap ETF
SCHO,Short-Term U.S. Treasury ETF
SCHP,U.S. TIPS ETF
SCHR,Intermediate-Term U.S. Treasury ETF
SCHV,U.S. Large-Cap Value ETF
SCHX,U.S. Large-Cap ETF
SCHZ,U.S. Aggregate Bond ETF
SCIF,India Small-Cap Index ETF
SCIN,India Small Cap ETF
SCJ,MSCI Japan Small-Cap ETF
SCLP,Russell Small Cap Low P/E ETF
SCO,UltraShort DJ-UBS Crude Oil
SCOG,Small Cap Consistent Growth ETF
SCPB,SPDR Barclays Capital Short Term Corporate Bond ETF
SCPR,2x Inverse Copper ETN
SCTR,Small Cap Contrarian ETF
SCZ,MSCI EAFE Small-Cap ETF
SDD,UltraShort SmallCap600
SDIV,SuperDividend ETF
SDK,UltraShort Russell MidCap Growth
SDOG,Sector Dividend Dogs ETF
SDOW,UltraPro Short Dow30
SDP,UltraShort Utilities
SDS,UltraShort S&P500
SDY,SPDR S&P Dividend ETF
SDYL,ETRACS Monthly Pay 2x Leveraged S&P Dividend ETN
SEA,Shipping ETF
SEF,Short Financials
SFK,UltraShort Russell1000 Growth
SFLA,Long Extended S&P 500 TR Index ETN
SFSA,Short Extended S&P 500 TR Index ETN
SGAR,Pure Beta Sugar ETN
SGG,Dow Jones-UBS Sugar Subindex Total Return ETN
SGGG,Small Cap Aggressive Growth ETF
SGOL,Physical Swiss Gold Shares
SH,Short S&P500
SHBT,Russell 2000 High Beta ETF
SHM,SPDR Barclays Short Term Municipal Bond ETF
SHMO,Russell 2000 High Momentum ETF
SHV,Short Treasury Bond ETF
SHVY,Russell 2000 High Volatility ETF
SHY,1-3 Year Treasury Bond ETF
SHYG,0-5 Year High Yield Corporate Bond ETF
SICK,Daily Healthcare Bear 3X Shares
SIJ,UltraShort Industrials
SIL,Silver Miners ETF
SILJ,PureFunds ISE Junior Silver ETF
SINF,UltraPro Short 10 Year TIPS/TSY Spread
SIVR,Physical Silver Shares
SIZ,U.S. Market Neutral Size Fund
SIZE,MSCI USA Size Factor ETF
SJB,Short High Yield
SJF,UltraShort Russell 1000 Value
SJH,UltraShort Russell 2000 Value
SJL,UltraShort Russell MidCap Value
SJNK,SPDR Barclays Capital Short Term High Yield Bond ETF
SKF,UltraShort Financials
SKK,UltraShort Russell 2000 Growth
SKOR,IQ South Korea Small Cap ETF
SKYY,ISE Cloud Computing Index Fund
SLBT,Russell 2000 Low Beta ETF
SLQD,0-5 Year Investment Grade Corporate Bond ETF
SLV,Silver Trust
SLVO,Silver Shares Covered Call ETN
SLVP,MSCI Global Silver Miners ETF
SLVY,Russell 2000 Low Volatility ETF
SLX,Market Vectors Steel Index ETF Fund
SLY,SPDR S&P 600 Small Cap ETF
SLYG,SPDR S&P 600 Small Cap Growth ETF
SLYV,SPDR S&P 600 Small Cap Value ETF
SMB,Market Vectors Short Municipal Index ETF
SMDD,UltraPro Short MidCap400
SMDV,Small & Mid Cap Defensive Value ETF
SMH,Market Vectors Semiconductor ETF
SMIN,MSCI India Small Cap Index Fund
SMK,UltraShort MSCI Mexico
SMLV,SPDR Russell 2000 Low Volatility ETF
SMMU,Short Term Municipal Bond Strategy Fund
SMN,UltraShort Basic Materials
SNDS,Sustainable North American Oil Sands ETF
SNLN,Pyxis/iBoxx Senior Loan ETF
SOCL,Social Media Index ETF
SOIL,Fertilizers/Potash ETF
SOXL,Daily Semiconductor Bull 3x Shares
SOXS,Daily Semiconductor Bear 3x Shares
SOXX,PHLX SOX Semiconductor Sector Index Fund
SOYB,Soybean Fund
SPFF,SuperIncome Preferred ETF
SPGH,E-TRACS S&P 500 Gold Hedged ETN
SPHB,S&P 500 High Beta Portfolio
SPHD,S&P 500 High Dividend Portfolio
SPHQ,S&P 500 High Quality Portfolio
SPLV,S&P 500 Low Volatility Portfolio
SPXH,VelocityShares Volatility Hedged Large Cap ETF
SPXL,Daily S&P 500 Bull 3x Shares
SPXS,Daily S&P 500 Bear 3x Shares
SPXU,UltraPro Short S&P500
SPY,SPDR S&P 500
SPYG,SPDR S&P 500 Growth ETF
SPYV,SPDR S&P 500 Value ETF
SQQQ,UltraPro Short QQQ
SRLN,SPDR Blackstone GSO Senior Loan ETF
SRS,UltraShort Real Estate
SRTY,UltraPro Short Russell 2000
SSAM,Rockledge SectorSAM ETF
SSDD,ETRACS ISE Solid State Drive Index ETN
SSDL,ETRACS Monthly 2x Leveraged ISE Solid State Drive Index ETN
SSG,UltraShort Semiconductors
SSO,Ultra S&P 500
SST,SPDR Barclays Capital Short Term Treasury ETF
STH,Claymore/Sabrient Stealth ETF
STIP,0-5 Year TIPS Bond ETF
STPP,US Treasury Steepener ETN
STPZ,1-5 Year U.S. TIPS Index Fund
SUB,Short-Term National AMT-Free Muni Bond ETF
SVXY,Short VIX Short-Term Futures ETF
SWH,HOLDRS Merrill Lynch Software
SYLD,Cambria Shareholder Yield ETF
SZK,UltraShort Consumer Goods
SZO,DB Crude Oil Short ETN
SZR,Dreyfus South African Rand Fund
RALS,RAFI Long/Short
RAVI,Ready Access Variable Income Fund
RBL,SPDR S&P Russia ETF
RCD,S&P Equal Weight Consumer Discretionary
RDIV,Ultra Dividend Fund
REA,2x S&P Select Sector Energy ETF
REC,Inverse 2x S&P Select Sector Energy ETF
REK,Short Real Estate
REM,iShares Mortgage Real Estate Capped ETF
REMX,Market Vectors Rare Earth/Strategic Metals ETF
RETL,Daily Retail Bull 3x Shares
RETS,Daily Retail Bear 2X Shares
REW,UltraShort Technology
REZ,iShares Residential Real Estate Capped ETF
RFF,RP Financials ETF
RFG,S&P Midcap 400 Pure Growth
RFL,2x S&P Select Sector Financial ETF
RFN,Inverse 2x S&P Select Sector Financial ETF
RFV,S&P Midcap 400 Pure Value
RGI,S&P Equal Weight Industrials ETF
RGRA,Rogers Enhanced Agriculture ETN
RGRC,Rogers Enhanced Commodity ETN
RGRE,Rogers Enhanced Energy ETN
RGRI,Rogers Enhanced Industrial Metals ETN
RGRP,Rogers Enhanced Precious Metals ETN
RHM,2x S&P Select Sector Health Care ETF
RHO,Inverse 2x S&P Select Sector Health Care ETF
RHS,S&P Equal Weight Consumer Staples ETF
RIGS,RiverFront Strategic Income Fund
RINF,30 Year TIPS/TSY Spread
RING,iShares MSCI Global Gold Miners ETF
RJA,Rogers Intl Commodity Agric ETN
RJI,Rogers Intl Commodity ETN
RJN,Rogers Intl Commodity Enrgy ETN
RJZ,Rogers Intl Commodity Metal ETN
RKH,Market Vectors Bank and Brokerage ETF
RLY,SPDR Multi-Asset Real Return ETF
RMB,Yuan Bond ETF
RMM,2x S&P MidCap 400 ETF
RMS,Inverse 2x S&P MidCap 400 ETF
ROB,Claymore/Robb Report Global Luxury Index ETF
ROBO,Robo-Stox Global Robotics and Automation Index ETF
ROI,LargeCap Growth Fund
ROLA,Long Extended Russell 1000 TR Index ETN
ROM,Ultra Technology
ROOF,IQ US Real Estate Small Cap ETF
ROSA,Short Extended Russell 1000 TR Index ETN
RPG,S&P 500 Pure Growth ETF
RPQ,RP Technology ETF
RPV,S&P 500 Pure Value ETF
RPX,Growth Equity Strategy Fund
RRF,Global Real Return Fund
RRGR,Global Alpha & Beta ETF
RRY,2x Russell 2000 ETF
RRZ,Inverse 2x Russell 2000 ETF
RSP,S&P Equal Weight ETF
RSU,2x S&P 500 ETF
RSUN,IQ Japan Mid Cap ETF
RSW,Inverse 2x S&P 500 ETF
RSX,Market Vectors Russia ETF
RSXJ,Market Vectors Russia Small-Cap ETF
RTG,2x S&P Select Sector Technology ETF
RTH,Market Vectors Retail ETF
RTL,iShares Retail Real Estate Capped ETF
RTLA,Long Extended Russell 2000 TR Index ETN
RTM,S&P Equal Weight Materials ETF
RTR,ADR Fund
RTSA,Short Extended Russell 2000 TR Index ETN
RTW,Inverse 2x S&P Select Sector Technology ETF
RUDR,VelocityShares Russia Select DR ETF
RUSL,Daily Russia Bull 3x Shares
RUSS,Daily Russia Bear 3x Shares
RVNU,db X-trackers Municipal Infrastructure Revenue Bond Fund
RWG,Large-Cap Growth Equity Strategy Fund
RWJ,Small Cap Fund
RWK,Mid Cap Fund
RWL,Large Cap Fund
RWM,Short Russell2000
RWO,SPDR DJ Wilshire Global Real Estate ETF
RWR,SPDR DJ Wilshire REIT ETF
RWV,Navallier Overall A-100 Fund
RWW,Financials Sector Fund
RWX,SPDR DJ Wilshire Intl Real Estate
RWXL,ETRACS Monthly Pay 2x Leveraged Dow Jones International Real Estate ETN
RXD,UltraShort Health Care
RXI,iShares Global Consumer Discretionary ETF
RXL,Ultra Health Care
RYE,S&P Equal Weight Energy ETF
RYF,S&P Equal Weight Financial ETF
RYH,S&P Equal Weight Health Care ETF
RYJ,Raymond James SB-1 Equity ETF
RYT,S&P Equal Weight Technology ETF
RYU,S&P Equal Weight Utilities ETF
RZG,S&P Smallcap 600 Pure Growth
RZV,S&P Smallcap 600 Pure Value
UAG,E-TRACS UBS Bloomberg CMCI Agric ETN
UBC,E-TRACS UBS Bloomberg CMCI Livestock ETN
UBD,U.S. Capital Markets Bond ETF
UBG,E-TRACS UBS Bloomberg CMCI Gold ETN
UBM,E-TRACS UBS Bloomberg CMCI Ind Metal ETN
UBN,E-TRACS UBS Bloomberg CMCI Energy ETN
UBR,Ultra MSCI Brazil
UBT,Ultra 20+ Year Treasury
UCC,Ultra Consumer Services
UCD,Ultra DJ-UBS Commodity
UCI,E-TRACS UBS Bloomberg CMCI ETN
UCO,Ultra DJ-UBS Crude Oil
UDN,DB USD Index Bearish
UDNT,3x Short U.S. Dollar Index Futures ETN
UDOW,UltraPro Dow30
UEM,U.S.-1 â€” The Capital Markets Index ETF
UGA,United States Gasoline Fund LP
UGAZ,3x Long Natural Gas ETN
UGE,Ultra Consumer Goods
UGEM,Utilities GEMS ETF
UGL,Ultra Gold
UGLD,3x Long Gold ETN
UHN,United States Diesel Heating Oil Fund
UINF,UltraPro 10 Year TIPS/TSY Spread
UJB,Ultra High Yield
UKF,Ultra Russell1000 Growth
UKK,Ultra Russell2000 Growth
UKW,Ultra Russell MidCap Growth
ULE,Ultra Euro
ULQ,U.S. Capital Markets Micro-Term Fixed Income ETF
ULST,SPDR SSgA Ultra Short Term Bond ETF
UMDD,UltraPro MidCap400
UMM,Major Metro Housing Up Trust
UMX,Ultra MSCI Mexico Investable Market
UNG,United States Natural Gas Fund LP
UNL,United States 12 Month Natural Gas Fund
UOIL,3x Long Brent Crude ETN
UOY,$100 Oil Up
UPRO,UltraPro S&P 500
UPV,Ultra MSCI Europe
UPW,Ultra Utilities
URA,Uranium ETF
URE,Ultra Real Estate
URR,Market Vectors-Double Long Euro ETN
URTH,MSCI World ETF
URTY,UltraPro Russell2000
USAG,United States Agriculture Index Fund
USCI,United States Commodity Index Fund
USD,Ultra Semiconductors
USL,United States 12 Month Oil
USLV,3x Long Silver ETN
USMI,United States Metals Index Fund
USMV,MSCI USA Minimum Volatility ETF
USO,United States Oil Fund
UST,Ultra 7-10 Year Treasury
USV,E-TRACS UBS Bloomberg CMCI Silver ETN
USY,U.S. Current Income
UTH,HOLDRS Merrill Lynch Utilities
UTLT,db X-trackers Regulated Utilities Fund
UUP,DB USD Index Bullish
UUPT,3x Long U.S. Dollar Index Futures ETN
UVG,Ultra Russell1000 Value
UVT,Ultra Russell2000 Value
UVU,Ultra Russell MidCap Value
UVXY,Ultra VIX Short-Term Futures ETF
UWC,Ultra Russell3000
UWM,Ultra Russell2000
UWTI,3x Long Crude ETN
UXI,Ultra Industrials
UXJ,Ultra MSCI Pacific ex-Japan
UYG,Ultra Financials
UYM,Ultra Basic Materials
TAGS,Agricultural Fund
TAN,Solar ETF
TAO,China Real Estate ETF
TBAR,Gold Trendpilot ETN
TBF,Short 20+ Year Treasury
TBT,UltraShort Barclays 20+ Year Treasury
TBX,Short 7-10 Year Treasury
TBZ,UltraShort 3-7 Year Treasury
TCHI,China Trendpilot ETN
TDD,db-X 2010 Target Date Fund
TDH,db X-trackers MSCI Germany Hedged Equity Fund
TDIV,NASDAQ Technology Dividend Index Fund
TDN,db-X 2030 Target Date Fund
TDTF,iBoxx 5-Year Target Duration TIPS Index Fund
TDTS,iBoxx 7-Year Target Duration TIPS Index Fund
TDTT,iBoxx 3-Year Target Duration TIPS Index Fund
TDV,db-X 2040 Target Date Fund
TDX,db-X In-Target Date Fund
TECL,Daily Technology Bull 3x Shares
TECS,Daily Technology Bear 3x Shares
TENZ,7-15 Year U.S. Treasury Index Fund
TEST,Testing Page
TFI,SPDR Barclays Municipal Bond
TGEM,Telecommunications GEMS ETF
TGR,Target Date Retirement Income ETF
THD,MSCI Thailand Capped ETF
THHY,Market Vectors Treasury-Hedged High Yield Bond ETF
TILT,Morningstar US Market Factor Tilt Index Fund
TIP,TIPS Bond ETF
TIPX,SPDR Barclays 1-10 Year TIPS ETF
TIPZ,Broad U.S. TIPS Index Fund
TLH,10-20 Year Treasury Bond ETF
TLL,UltraShort Telecommunications
TLO,SPDR Barclays Long Term Treasury ETF
TLT,20+ Year Treasury Bond ETF
TLTD,Morningstar Developed Markets ex-US Factor Tilt Index Fund
TLTE,Morningstar Emerging Markets Factor Tilt Index Fund
TMF,Daily 20 Year Plus Treasury Bull 3x Shares
TMV,Daily 20 Year Plus Treasury Bear 3x Shares
TMW,SPDR DJ Wilshire Total Market ETF
TNA,Daily Small Cap Bull 3X Shares
TNDQ,NASDAQ-100 Trendpilot ETN
TOK,MSCI KLD 400 Social ETF
TOTS,Daily Total Market Bear 1X Shares
TPS,UltraShort TIPS
TQQQ,UltraPro QQQ
TRND,US Large Cap Trendpilot ETN
TRNM,US Mid Cap Trendpilot ETN
TRSK,VelocityShares Tail Risk Hedged Large Cap ETF
TRSY,Broad U.S. Treasury Index Fund
TRXT,Total Return Exchange-Traded Fund
TSXV,S&P/TSX Venture 30 Canada ETF
TTFS,TrimTabs Float Shrink ETF
TTH,HOLDRS Merrill Lynch Telecom
TTT,UltraPro Short 20+ Year Treasury
TUR,MSCI Turkey ETF
TUZ,1-3 Year US Treasury Index Fund
TVIX,Daily 2x VIX Short-Term ETN
TVIZ,Daily 2x VIX Medium-Term ETN
TWM,UltraShort Russell2000
TWOK,SPDR Russell 2000 ETF
TWOL,Daily 2-Year Treasury Bull 3x Shares
TWON,IQ Taiwan Small Cap ETF
TWOZ,Daily 2-Year Treasury Bear 3x Shares
TWQ,UltraShort Russell3000
TWTI,Oil Trendpilot ETN
TXF,Texas ETF
TYBS,Daily 20 Year Plus Treasury Bear 1x Shares
TYD,Daily 7-10 Year Treasury Bull 3x Shares
TYH,Daily Technology Bull 3X Shares
TYNS,Daily 7-10 Year Treasury Bear 1x Shares
TYO,Daily 7-10 Year Treasury Bear 3x Shares
TYP,Daily Technology Bear 3X Shares
TZA,Daily Small Cap Bear 3X Shares
TZD,Target Date 2010 ETF
TZE,Target Date 2015 ETF
TZG,Target Date 2020 ETF
TZI,Target Date 2025 ETF
TZL,Target Date 2030 ETF
TZO,Target Date 2035 ETF
TZV,Target Date 2040 ETF
TZW,Target Date 2045 ETF
TZY,Target Date 2050 ETF
WCAT,TR/J CRB Wildcatters Exploration & Production Equity ETF
WDIV,SPDR S&P Global Dividend ETF
WDTI,Managed Futures Strategy Fund
WEAT,Wheat Fund
WEET,Pure Beta Grains ETN
WFVK,Wilshire 5000 Total Market ETF
WIP,SPDR DB International Government Inflation-Protected Bond ETF
WITE,Physical White Metal Basket Shares
WMCR,Wilshire Micro-Cap ETF
WMH,HOLDRS Merrill Lynch Wireless
WMW,Morningstar Wide Moat Focus ETN
WOOD,S&P Global Timber & Forestry Index Fund
WPS,International Developed Property ETF
WREI,Wilshire US REIT ETF
WSTE,Waste Management ETF
WXSP,Wilshire 4500 Completion ETF
VAW,Materials ETF
VB,Small-Cap ETF
VBK,Small-Cap Growth ETF
VBR,Small-Cap Value ETF
VCIT,Intermediate-Term Corporate Bond Index Fund
VCLT,Long-Term Corporate Bond Index Fund
VCR,Consumer Discretion ETF
VCSH,Short-Term Corporate Bond Index Fund
VDC,Consumer Staples ETF
VDE,Energy ETF
VEA,Europe Pacific
VEGA,STAR Global Buy-Write ETF
VEGI,MSCI Global Agriculture Producers ETF
VEU,FTSE All World Ex US ETF
VFH,Financials ETF
VGEM,Consumer Services GEMS ETF
VGIT,Intermediate-Term Government Bond Index Fund
VGK,FTSE Europe ETF
VGLT,Long-Term Government Bond Index Fund
VGSH,Short-Term Government Bond Index Fund
VGT,Information Tech ETF
VHT,Health Care ETF
VIDI,International Equity Fund
VIG,Dividend Appreciation ETF
VIIX,VIX Short-Term ETN
VIIZ,VIX Medium-Term ETN
VIOG,S&P Small-Cap 600 Growth ETF
VIOO,S&P Small-Cap 600 ETF
VIOV,S&P Small-Cap 600 Value ETF
VIS,Industrials ETF
VIXH,CBOE S&P 500 VIX Tail Hedge Fund
VIXM,VIX Mid-Term Futures ETF
VIXY,VIX Short-Term Futures ETF
VLAT,Direxion S&P Latin America 40 RC Volatility Response Shares
VLU,SPDR S&P 1500 Value Tilt ETF
VLUE,MSCI USA Value Factor ETF
VMBS,Mortgage-Backed Securities Index Fund
VNM,Market Vectors Vietnam ETF
VNQ,REIT ETF
VNQI,Global ex-U.S. Real Estate Index Fund
VO,Mid-Cap ETF
VOE,Mid-Cap Value ETF
VONE,Russell 1000 ETF
VONG,Russell 1000 Growth ETF
VONV,Russell 1000 Value ETF
VOO,S&P 500 ETF
VOOG,S&P 500 Growth ETF
VOOV,S&P 500 Value ETF
VOT,Mid-Cap Growth ETF
VOX,Telecom ETF
VPL,FTSE Pacific ETF
VPU,Utilities ETF
VQT,Barclays ETN+ S&P VEQTOR ETN
VRD,SPDR S&P VRDO Municipal Bond ETF
VROM,Auto ETF
VSPR,Direxion S&P 1500 RC Volatility Response Shares
VSPY,Direxion S&P 500 RC Volatility Response Shares
VSS,FTSE All-World ex-US Small Cap Index ETF
VT,Total World Stock Index ETF
VTHR,Russell 3000 ETF
VTI,Total Stock Market ETF
VTIP,Short-Term Inflation-Protected Securities Index Fund
VTV,Value ETF
VTWG,Russell 2000 Growth ETF
VTWO,Russell 2000 ETF
VTWV,Russell 2000 Value ETF
VUG,Growth ETF
VV,Large-Cap ETF
VWO,Emerging Markets ETF
VWOB,Emerging Markets Government Bond ETF
VXAA,ETRACS 1-Month S&P 500 VIX Futures ETN
VXBB,ETRACS 2-Month S&P 500 VIX Futures ETN
VXCC,ETRACS 3-Month S&P 500 VIX Futures ETN
VXDD,ETRACS 4-Month S&P 500 VIX Futures ETN
VXEE,ETRACS 5-Month S&P 500 VIX Futures ETN
VXF,Extended Market ETF
VXFF,ETRACS 6-Month S&P 500 VIX Futures ETN
VXUS,Total International Stock ETF
VXX,S&P 500 VIX Short-Term Futures ETN
VXZ,S&P 500 VIX Mid-Term Futures ETN
VYM,High Dividend Yield ETF
VZZ,Long Enhanced S&P 500 VIX Mid-Term Futures ETN
VZZB,Long Enhanced S&P 500 VIX Mid-Term Futures ETN
YANG,Daily China Bear 3x Shares
YAO,China All-Cap ETF
YCL,Ultra Yen
YCS,UltraShort Yen
YDIV,International Multi-Asset Diversified Income Index Fund
YINN,Daily China Bull 3x Shares
YMLI,Yorkville High Income Infrastructure MLP ETF
YMLP,Yorkville High Income MLP ETF
YXI,Short FTSE/Xinhua China
YYY,High Income ETF
XAR,SPDR S&P Aerospace & Defense ETF
XBI,SPDR S&P Biotech ETF
XES,SPDR S&P Oil & Gas Equip & Service
XGC,International Small Cap LDRs ETF
XHB,SPDR Homebuilders ETF
XHE,SPDR S&P Health Care Equipment ETF
XHMO,Developed ex-U.S. High Momentum ETF
XHS,SPDR S&P Health Care Services ETF
XIV,Daily Inverse VIX Short-Term ETN
XLB,Materials Select Sector SPDR
XLBS,S&P SmallCap Materials Portfolio
XLBT,Developed ex-U.S. Low Beta ETF
XLE,Energy Select Sector SPDR
XLES,S&P SmallCap Energy Portfolio
XLF,Financial Select Sector SPDR
XLFS,S&P SmallCap Financials Portfolio
XLG,Russell Top 50 ETF
XLI,Industrial Select Sector SPDR
XLIS,S&P SmallCap Industrials Portfolio
XLK,Technology Select Sector SPDR
XLKS,S&P SmallCap Information Technology Portfolio
XLP,Consumer Staples Select Sector SPDR
XLPS,S&P SmallCap Consumer Staples Portfolio
XLU,Utilities Select Sector SPDR
XLUS,S&P SmallCap Utilities Portfolio
XLV,Health Care Select Sector SPDR
XLVO,Developed ex-U.S. Low Volatility ETF
XLVS,S&P SmallCap Health Care Portfolio
XLY,Consumer Discretionary Select Sector SPDR
XLYS,S&P SmallCap Consumer Discretionary Portfolio
XME,SPDR S&P Metals & Mining ETF
XMLV,S&P MidCap Low Volatility Portfolio
XMPT,Market Vectors CEF Municipal Income ETF
XOIL,Oil Equities ETF
XOP,SPDR S&P Oil & Gas Explor & Product
XOVR,SPDR BofA Merrill Lynch Crossover Corporate Bond ETF
XPH,SPDR S&P Pharmaceuticals ETF
XPP,Ultra FTSE/Xinhua China 25
XRO,Sector Rotation ETF
XRT,SPDR S&P Retail ETF
XRU,CurrencyShares Russian Ruble Trust
XSD,SPDR S&P Semiconductor ETF
XSLV,S&P SmallCap Low Volatility Portfolio
XSW,SPDR S&P Software & Services ETF
XTL,SPDR S&P Telecom ETF
XTN,SPDR S&P Transportation ETF
XVIX,E-TRACS Daily Long-Short VIX ETN
XVZ,S&P 500 Dynamic VIX ETN
XXV,Inverse S&P 500 VIX Short-Term Futures ETN
ZIV,Daily Inverse VIX Medium-Term ETN
ZROZ,25+ Year Zero Coupon U.S. Treasury Index Fund
ZSL,UltraShort Silver
